Patient_ID,Age,Gender,Visit_Date,Visual_Acuity_OD,Visual_Acuity_OS,IOP_OD_mmHg,IOP_OS_mmHg,Spherical_Equivalent_OD_D,Spherical_Equivalent_OS_D,CD_Ratio_OD,CD_Ratio_OS,Assessment_Category,Referral_Required,Referral_Specialty
P001,42,Female,2026-03-03,6/9,6/6,14,25,-0.25,1.58,0.22,0.26,Suspected Glaucoma,Yes,Glaucoma
P002,10,Female,2026-07-07,6/24,6/18,12,17,-4.13,-0.99,0.62,0.4,Astigmatism,No,
P003,20,Female,2026-04-12,6/6,6/12,13,26,1.2,-0.87,0.52,0.78,Suspected Glaucoma,Yes,Glaucoma
P004,44,Male,2026-06-01,6/9,6/6,21,14,-5.61,-4.06,0.71,0.72,Suspected Glaucoma,Yes,Glaucoma
P005,53,Female,2026-04-09,6/12,6/9,14,17,-0.3,-0.03,0.52,0.35,Keratoconus,Yes,Cornea
P005,53,Female,2026-11-20,6/12,6/12,14,17,-1.28,-1.45,0.52,0.35,Keratoconus,Yes,Cornea
P006,78,Female,2026-06-29,6/12,6/6,22,24,-4.05,-5.73,0.36,0.33,Suspected Glaucoma,Yes,Glaucoma
P006,78,Female,2027-03-09,6/12,6/6,23,23,-4.07,-5.82,0.4,0.36,Suspected Glaucoma,Yes,Glaucoma
P007,57,Male,2026-02-10,6/12,6/9,20,25,-3.9,-1.23,0.74,0.44,Suspected Glaucoma,Yes,Glaucoma
P008,70,Female,2026-07-17,6/6,6/6,25,14,-4.7,-4.64,0.43,0.56,Suspected Glaucoma,Yes,Glaucoma
P008,70,Female,2026-11-09,6/6,6/6,24,16,-4.51,-4.5,0.47,0.57,Suspected Glaucoma,Yes,Glaucoma
P009,77,Female,2026-06-28,6/6,6/24,22,15,0.38,0.53,0.38,0.29,Cataract,Yes,Cataract
P009,77,Female,2027-01-06,6/9,6/24,22,16,0.57,0.62,0.38,0.29,Cataract,Yes,Cataract
P010,29,Female,2026-06-14,6/12,6/24,17,12,-0.82,-4.7,0.56,0.49,Hyperopia,No,
P011,37,Female,2026-03-07,6/24,6/6,14,16,-5.27,-1.87,0.28,0.49,Myopia Progression,No,
P011,37,Female,2026-08-11,6/24,6/6,14,16,-6.02,-2.36,0.28,0.49,Myopia Progression,No,
P012,74,Male,2026-02-28,6/24,6/9,23,26,0.06,-2.61,0.74,0.47,Suspected Glaucoma,Yes,Glaucoma
P013,50,Female,2026-06-04,6/24,6/9,13,19,-1.0,-5.94,0.24,0.22,Routine Examination,No,
P014,37,Male,2026-06-25,6/18,6/9,27,19,-1.42,0.15,0.67,0.68,Suspected Glaucoma,Yes,Glaucoma
P015,62,Male,2026-04-23,6/18,6/18,15,13,1.34,-5.54,0.44,0.4,Hyperopia,No,
P016,31,Male,2026-02-09,6/18,6/9,14,26,-3.63,-3.88,0.68,0.71,Suspected Glaucoma,Yes,Glaucoma
P016,31,Male,2026-09-23,6/18,6/9,16,28,-3.54,-3.75,0.69,0.76,Suspected Glaucoma,Yes,Glaucoma
P017,8,Female,2026-07-16,6/9,6/9,24,13,-2.55,-1.91,0.3,0.2,Suspected Glaucoma,Yes,Glaucoma
P018,43,Male,2026-07-02,6/24,6/18,13,13,-4.68,-3.48,0.65,0.23,Keratoconus,Yes,Cornea
P018,43,Male,2026-11-16,6/24,6/18,13,13,-6.14,-4.06,0.65,0.23,Keratoconus,Yes,Cornea
P019,27,Female,2026-05-15,6/6,6/9,19,24,-5.42,-5.42,0.27,0.73,Suspected Glaucoma,Yes,Glaucoma
P019,27,Female,2026-12-26,6/6,6/9,21,26,-5.47,-5.22,0.31,0.76,Suspected Glaucoma,Yes,Glaucoma
P020,12,Female,2026-04-22,6/24,6/24,18,22,-1.56,1.95,0.34,0.44,Dry Eye,No,
P021,16,Female,2026-05-02,6/24,6/24,18,20,2.47,-5.38,0.28,0.41,Hyperopia,No,
P022,43,Female,2026-04-27,6/24,6/12,12,21,-0.8,2.39,0.76,0.26,Suspected Glaucoma,Yes,Glaucoma
P023,20,Female,2026-03-15,6/12,6/24,20,27,-4.21,-3.09,0.35,0.74,Suspected Glaucoma,Yes,Glaucoma
P023,20,Female,2026-09-13,6/18,6/24,19,28,-4.08,-3.04,0.4,0.77,Suspected Glaucoma,Yes,Glaucoma
P024,42,Female,2026-01-05,6/12,6/9,26,25,-0.58,-3.77,0.54,0.27,Suspected Glaucoma,Yes,Glaucoma
P024,42,Female,2026-08-22,6/12,6/12,27,26,-0.74,-3.67,0.58,0.29,Suspected Glaucoma,Yes,Glaucoma
P025,54,Female,2026-04-25,6/9,6/6,13,23,-3.38,1.64,0.33,0.35,Hyperopia,No,
P026,59,Female,2026-03-06,6/9,6/9,22,25,1.49,-5.79,0.68,0.72,Suspected Glaucoma,Yes,Glaucoma
P026,59,Female,2026-09-14,6/9,6/9,21,27,1.62,-5.67,0.72,0.76,Suspected Glaucoma,Yes,Glaucoma
P027,20,Male,2026-01-14,6/18,6/9,23,21,-4.3,1.81,0.69,0.72,Suspected Glaucoma,Yes,Glaucoma
P028,58,Male,2026-03-17,6/6,6/12,22,12,-3.02,-1.67,0.27,0.78,Suspected Glaucoma,Yes,Glaucoma
P029,11,Female,2026-06-06,6/18,6/12,15,24,0.19,-3.33,0.74,0.31,Suspected Glaucoma,Yes,Glaucoma
P029,11,Female,2026-10-28,6/18,6/12,17,26,0.2,-3.29,0.78,0.36,Suspected Glaucoma,Yes,Glaucoma
P030,73,Female,2026-04-08,6/18,6/6,22,15,2.07,1.83,0.63,0.38,Cataract,Yes,Cataract
P030,73,Female,2026-10-31,6/24,6/9,23,14,2.46,1.94,0.63,0.38,Cataract,Yes,Cataract
P031,58,Male,2026-05-26,6/9,6/9,17,21,-2.43,1.99,0.44,0.7,Suspected Glaucoma,Yes,Glaucoma
P031,58,Male,2026-12-06,6/12,6/12,19,20,-2.44,2.1,0.46,0.75,Suspected Glaucoma,Yes,Glaucoma
P032,62,Male,2026-05-04,6/18,6/18,17,14,-0.26,-1.66,0.37,0.6,Cataract,Yes,Cataract
P033,46,Female,2026-07-30,6/9,6/9,27,14,-5.79,-3.92,0.47,0.73,Suspected Glaucoma,Yes,Glaucoma
P034,58,Female,2026-02-11,6/6,6/6,26,13,0.62,-4.14,0.53,0.75,Suspected Glaucoma,Yes,Glaucoma
P034,58,Female,2026-08-12,6/6,6/9,28,12,0.55,-4.33,0.58,0.8,Suspected Glaucoma,Yes,Glaucoma
P035,66,Male,2026-07-17,6/18,6/24,25,26,0.93,1.58,0.74,0.65,Suspected Glaucoma,Yes,Glaucoma
P036,38,Male,2026-07-20,6/24,6/18,14,21,-0.67,-3.67,0.34,0.4,Myopia Progression,No,
P036,38,Male,2027-03-25,6/24,6/24,14,21,-1.1,-4.37,0.34,0.4,Myopia Progression,No,
P037,26,Female,2026-04-13,6/9,6/9,26,25,-5.45,-2.54,0.24,0.7,Suspected Glaucoma,Yes,Glaucoma
P038,55,Male,2026-01-06,6/12,6/12,25,19,0.4,1.25,0.49,0.36,Suspected Glaucoma,Yes,Glaucoma
P039,50,Male,2026-07-09,6/9,6/18,12,24,1.82,2.34,0.56,0.6,Suspected Glaucoma,Yes,Glaucoma
P040,66,Female,2026-01-17,6/12,6/18,22,24,-3.22,-2.14,0.37,0.77,Suspected Glaucoma,Yes,Glaucoma
P040,66,Female,2026-06-24,6/18,6/18,24,23,-3.15,-2.13,0.41,0.78,Suspected Glaucoma,Yes,Glaucoma
P041,67,Female,2026-07-15,6/24,6/6,14,13,2.5,-3.03,0.65,0.77,Suspected Glaucoma,Yes,Glaucoma
P041,67,Female,2027-02-18,6/24,6/9,16,14,2.65,-3.12,0.67,0.79,Suspected Glaucoma,Yes,Glaucoma
P042,26,Female,2026-02-06,6/18,6/6,20,23,-1.21,-4.15,0.3,0.56,Hyperopia,No,
P043,20,Female,2026-03-25,6/24,6/18,14,19,-2.63,0.08,0.26,0.66,Hyperopia,No,
P044,51,Male,2026-06-23,6/12,6/6,25,27,-1.7,-3.1,0.26,0.78,Suspected Glaucoma,Yes,Glaucoma
P044,51,Male,2027-02-17,6/18,6/9,28,29,-1.79,-3.07,0.28,0.8,Suspected Glaucoma,Yes,Glaucoma
P045,29,Male,2026-06-11,6/24,6/18,20,22,-2.05,1.02,0.71,0.7,Suspected Glaucoma,Yes,Glaucoma
P045,29,Male,2026-09-27,6/24,6/24,21,24,-2.16,0.91,0.73,0.72,Suspected Glaucoma,Yes,Glaucoma
P046,38,Male,2026-05-30,6/24,6/18,22,17,-3.14,-1.8,0.49,0.41,Dry Eye,No,
P047,42,Female,2026-05-17,6/9,6/6,19,27,-3.95,-2.55,0.59,0.49,Suspected Glaucoma,Yes,Glaucoma
P048,35,Male,2026-07-01,6/9,6/12,23,25,-0.36,-2.86,0.8,0.53,Suspected Glaucoma,Yes,Glaucoma
P048,35,Male,2026-10-27,6/12,6/12,26,27,-0.52,-3.04,0.82,0.58,Suspected Glaucoma,Yes,Glaucoma
P049,46,Male,2026-03-05,6/6,6/9,17,18,-3.32,0.31,0.33,0.49,Myopia Progression,No,
P049,46,Male,2026-09-14,6/6,6/12,17,18,-3.62,-0.59,0.33,0.49,Myopia Progression,No,
P050,19,Female,2026-03-21,6/9,6/12,16,20,-4.47,-5.88,0.23,0.23,Dry Eye,No,
P051,20,Female,2026-05-31,6/12,6/18,13,20,-1.93,-3.1,0.76,0.49,Suspected Glaucoma,Yes,Glaucoma
P052,16,Female,2026-02-12,6/9,6/24,19,15,2.07,-5.28,0.53,0.45,Presbyopia,No,
P053,64,Male,2026-03-22,6/24,6/18,15,18,-3.4,-0.72,0.58,0.36,Cataract,Yes,Cataract
P053,64,Male,2026-07-17,6/24,6/24,14,17,-3.24,-0.58,0.58,0.36,Cataract,Yes,Cataract
P054,29,Female,2026-02-14,6/6,6/18,21,13,-2.17,-0.95,0.34,0.62,Keratoconus,Yes,Cornea
P054,29,Female,2026-05-29,6/9,6/24,21,13,-3.21,-2.2,0.34,0.62,Keratoconus,Yes,Cornea
P055,40,Female,2026-04-23,6/6,6/24,20,16,-4.09,-4.73,0.24,0.3,Dry Eye,No,
P056,43,Male,2026-02-05,6/18,6/12,27,26,-0.05,2.01,0.25,0.22,Suspected Glaucoma,Yes,Glaucoma
P056,43,Male,2026-06-25,6/18,6/12,28,25,-0.05,1.82,0.28,0.23,Suspected Glaucoma,Yes,Glaucoma
P057,39,Female,2026-01-28,6/9,6/24,20,13,-1.01,-5.82,0.66,0.31,Myopia Progression,No,
P057,39,Female,2026-07-17,6/9,6/24,20,13,-1.75,-6.49,0.66,0.31,Myopia Progression,No,
P058,30,Male,2026-06-16,6/18,6/6,22,15,-2.0,-2.53,0.71,0.4,Suspected Glaucoma,Yes,Glaucoma
P058,30,Male,2027-01-09,6/18,6/6,24,17,-1.96,-2.41,0.72,0.43,Suspected Glaucoma,Yes,Glaucoma
P059,77,Female,2026-05-01,6/6,6/12,24,12,-3.85,-5.01,0.59,0.53,Suspected Glaucoma,Yes,Glaucoma
P060,73,Male,2026-06-13,6/18,6/18,16,21,0.46,-4.27,0.46,0.62,Hyperopia,No,
P061,37,Female,2026-03-25,6/24,6/6,15,26,-1.31,-5.21,0.77,0.59,Suspected Glaucoma,Yes,Glaucoma
P062,72,Male,2026-04-21,6/18,6/18,24,18,-3.93,-1.31,0.75,0.5,Suspected Glaucoma,Yes,Glaucoma
P063,60,Male,2026-07-25,6/24,6/12,21,27,0.97,-3.6,0.72,0.47,Suspected Glaucoma,Yes,Glaucoma
P063,60,Male,2027-04-05,6/24,6/12,23,28,0.86,-3.6,0.74,0.52,Suspected Glaucoma,Yes,Glaucoma
P064,77,Male,2026-05-01,6/12,6/9,24,19,2.34,-3.97,0.71,0.45,Suspected Glaucoma,Yes,Glaucoma
P065,56,Female,2026-05-11,6/6,6/9,15,26,-1.73,-0.98,0.26,0.75,Suspected Glaucoma,Yes,Glaucoma
P066,26,Female,2026-05-05,6/12,6/12,14,22,-0.7,-2.62,0.71,0.72,Suspected Glaucoma,Yes,Glaucoma
P067,76,Female,2026-06-12,6/6,6/9,19,14,-0.64,1.83,0.46,0.26,Cataract,Yes,Cataract
P067,76,Female,2027-01-06,6/9,6/12,19,15,-0.58,1.9,0.46,0.26,Cataract,Yes,Cataract
P068,45,Female,2026-01-16,6/12,6/6,16,19,-3.51,-2.81,0.52,0.54,Astigmatism,No,
P069,17,Male,2026-06-12,6/9,6/18,26,20,1.76,-4.78,0.48,0.6,Suspected Glaucoma,Yes,Glaucoma
P070,27,Female,2026-04-28,6/12,6/24,20,26,-3.46,2.18,0.71,0.32,Suspected Glaucoma,Yes,Glaucoma
P071,37,Male,2026-05-31,6/12,6/24,12,24,-3.49,-0.06,0.36,0.54,Suspected Glaucoma,Yes,Glaucoma
P071,37,Male,2026-10-07,6/12,6/24,11,27,-3.41,-0.12,0.38,0.57,Suspected Glaucoma,Yes,Glaucoma
P072,43,Female,2026-06-09,6/12,6/9,16,15,-0.59,-0.72,0.74,0.59,Suspected Glaucoma,Yes,Glaucoma
P073,53,Female,2026-01-28,6/12,6/12,16,23,0.35,-4.51,0.52,0.75,Suspected Glaucoma,Yes,Glaucoma
P073,53,Female,2026-08-21,6/18,6/18,15,25,0.3,-4.35,0.56,0.78,Suspected Glaucoma,Yes,Glaucoma
P074,44,Male,2026-07-29,6/6,6/18,19,24,2.18,-4.8,0.78,0.68,Suspected Glaucoma,Yes,Glaucoma
P074,44,Male,2027-04-17,6/6,6/18,21,25,2.17,-4.71,0.79,0.71,Suspected Glaucoma,Yes,Glaucoma
P075,8,Male,2026-05-22,6/6,6/18,20,24,-2.87,0.37,0.69,0.76,Suspected Glaucoma,Yes,Glaucoma
P075,8,Male,2027-02-15,6/6,6/18,23,26,-2.93,0.44,0.72,0.8,Suspected Glaucoma,Yes,Glaucoma
P076,10,Male,2026-06-10,6/9,6/6,21,25,-0.6,-2.05,0.27,0.23,Suspected Glaucoma,Yes,Glaucoma
P077,21,Female,2026-03-06,6/24,6/9,25,16,-2.7,-2.85,0.73,0.59,Suspected Glaucoma,Yes,Glaucoma
P078,42,Female,2026-06-30,6/12,6/9,23,15,-2.23,2.08,0.79,0.42,Suspected Glaucoma,Yes,Glaucoma
P079,42,Female,2026-02-05,6/18,6/6,12,13,-0.37,-0.55,0.67,0.35,Astigmatism,No,
P080,15,Female,2026-06-04,6/9,6/9,12,20,-3.21,-4.75,0.72,0.29,Suspected Glaucoma,Yes,Glaucoma
P081,29,Female,2026-06-23,6/6,6/9,19,22,-5.87,0.71,0.21,0.36,Astigmatism,No,
P082,21,Female,2026-05-06,6/18,6/12,19,13,-1.64,-5.07,0.64,0.75,Suspected Glaucoma,Yes,Glaucoma
P083,10,Female,2026-05-07,6/18,6/18,26,14,-0.17,-1.83,0.74,0.39,Suspected Glaucoma,Yes,Glaucoma
P084,42,Male,2026-04-12,6/24,6/24,25,15,-3.49,-1.7,0.68,0.27,Suspected Glaucoma,Yes,Glaucoma
P084,42,Male,2026-10-14,6/24,6/24,27,14,-3.49,-1.82,0.73,0.31,Suspected Glaucoma,Yes,Glaucoma
P085,64,Female,2026-04-20,6/12,6/18,22,25,-2.61,0.2,0.39,0.35,Suspected Glaucoma,Yes,Glaucoma
P085,64,Female,2026-11-20,6/12,6/18,23,27,-2.6,0.11,0.4,0.36,Suspected Glaucoma,Yes,Glaucoma
P086,18,Female,2026-01-28,6/18,6/6,16,13,0.33,-2.83,0.55,0.54,Routine Examination,No,
P087,52,Male,2026-07-08,6/6,6/12,18,16,-0.9,-3.01,0.59,0.33,Hyperopia,No,
P088,54,Female,2026-07-19,6/12,6/24,12,20,-4.08,-2.35,0.22,0.36,Dry Eye,No,
P089,7,Female,2026-02-10,6/24,6/18,12,14,-5.41,0.3,0.65,0.33,Suspected Glaucoma,No,
P090,27,Male,2026-03-25,6/12,6/24,16,17,-0.93,1.51,0.65,0.23,Hyperopia,No,
P091,61,Male,2026-06-09,6/18,6/18,15,23,-3.68,0.42,0.46,0.37,Cataract,Yes,Cataract
P091,61,Male,2026-09-21,6/24,6/24,16,23,-3.6,0.51,0.46,0.37,Cataract,Yes,Cataract
P092,12,Female,2026-04-16,6/24,6/6,18,16,-5.93,-3.44,0.66,0.37,Hyperopia,No,
P093,62,Female,2026-02-07,6/18,6/24,23,14,-0.02,-1.75,0.44,0.65,Suspected Glaucoma,No,
P094,16,Male,2026-06-01,6/18,6/24,21,15,-2.56,-0.56,0.44,0.78,Suspected Glaucoma,Yes,Glaucoma
P095,53,Female,2026-04-26,6/6,6/9,14,24,-2.3,-2.6,0.72,0.65,Suspected Glaucoma,Yes,Glaucoma
P096,16,Female,2026-05-20,6/24,6/9,16,19,1.7,-3.03,0.26,0.35,Astigmatism,No,
P097,16,Female,2026-07-21,6/18,6/18,26,22,0.41,0.46,0.72,0.58,Suspected Glaucoma,Yes,Glaucoma
P098,67,Male,2026-06-15,6/12,6/12,14,21,-0.97,-3.01,0.48,0.22,Cataract,Yes,Cataract
P099,18,Male,2026-05-03,6/24,6/24,13,26,2.11,0.28,0.75,0.54,Suspected Glaucoma,Yes,Glaucoma
P100,67,Female,2026-01-20,6/18,6/6,14,17,0.89,1.12,0.22,0.62,Cataract,Yes,Cataract
P100,67,Female,2026-04-23,6/24,6/9,15,16,0.91,1.52,0.22,0.62,Cataract,Yes,Cataract
